All I want for christmas is you;mariah carey;noel;https://youtu.be/aAkMkVFwAoo?feature=shared&t=3;./audios/All I want for christmas is you.mp4;243
Ce soir en Ville;Sanji Do Brazil;WatiBonSon;https://www.youtube.com/watch?v=RURJQz6LLN4&list=PLAicyFu9HNYIRMm0lCrXSsllvvJidcpUi&index=1;./audios/Ce soir en Ville.mp4;135
Vois sur ton chemin Techno Mix;Bennett;WatiBonSon;https://youtu.be/i9Jr50r8L7o?list=PLAicyFu9HNYIRMm0lCrXSsllvvJidcpUi;./audios/Vois sur ton chemin Techno Mix.mp4;178
J'aimerais trop;Keen'V;WatiBonSon;https://youtu.be/FiHXBVmmoYw?list=PLAicyFu9HNYIRMm0lCrXSsllvvJidcpUi&t=9;./audios/J'aimerais trop.mp4;260
One Shot;Maitre Gims;WatiBonSon;https://youtu.be/W4az0ufhSRc?list=PLAicyFu9HNYIRMm0lCrXSsllvvJidcpUi;./audios/One Shot.mp4;208
Ma Direction;Sexion d'Assaut;WatiBonSon;https://youtu.be/Y7-vP7TnluY?list=PLAicyFu9HNYIRMm0lCrXSsllvvJidcpUi;./audios/Ma Direction.mp4;267
Wati By Night;Sexion d'Assaut;WatiBonSon;https://youtu.be/zD80w-mPrKw?list=PLAicyFu9HNYIRMm0lCrXSsllvvJidcpUi;./audios/Wati By Night.mp4;249
Wati House;Sexion d'Assaut;WatiBonSon;https://youtu.be/eIrRPLzDrHU?list=PLAicyFu9HNYIRMm0lCrXSsllvvJidcpUi&t=12;./audios/Wati House.mp4;277
Ca marche;Maitre Gims;WatiBonSon;https://youtu.be/Rd5c_Q912pA?list=PLAicyFu9HNYIRMm0lCrXSsllvvJidcpUi&t=5;./audios/Ca marche.mp4;211
Je ne dirai rien;Black M;WatiBonSon;https://youtu.be/IMDTr8d8ZVE?list=PLAicyFu9HNYIRMm0lCrXSsllvvJidcpUi;./audios/Je ne dirai rien.mp4;259
Game Over;Vitaa;WatiBonSon;https://youtu.be/97Nis75DAgc?list=PLAicyFu9HNYIRMm0lCrXSsllvvJidcpUi;./audios/Game Over.mp4;214
Bella;Maitre Gims;WatiBonSon;https://youtu.be/rMltoD1jCGI?list=PLAicyFu9HNYIRMm0lCrXSsllvvJidcpUi;./audios/Bella.mp4;282
La bohème;Charles Aznavour;None;https://youtu.be/fVfnEyLOkrM?si=rttTg8ygKbGMj3Nl;./audios/La bohème.mp4;244
WatiBigali;Big Ali;WatiBonSon;https://youtu.be/IYNyr6mRN5g?list=PLAicyFu9HNYIRMm0lCrXSsllvvJidcpUi;./audios/WatiBigali.mp4;247
Rock My Body;R3HAB;WatiBonSon;https://youtu.be/aYCuEONIIDM?list=PLAicyFu9HNYIRMm0lCrXSsllvvJidcpUi;./audios/Rock My Body.mp4;141
Voyage Voyage;Desireless;WatiBonSon;https://youtu.be/nBBdOwc4gwQ?list=PLAicyFu9HNYIRMm0lCrXSsllvvJidcpUi;./audios/Voyage Voyage.mp4;262
YMCA;Village People;WatiBonSon;https://youtu.be/CS9OO0S5w2k?list=PLAicyFu9HNYIRMm0lCrXSsllvvJidcpUi;./audios/YMCA.mp4;241
Decode;Paramore;None;https://youtu.be/RvnkAtWcKYg?si=jSWF2dwwa8RyGK-Q&t=11;./audios/Decode.mp4;254
Cette année là;Claude François;WatiBonSon;https://youtu.be/Oei7OKqadS8?list=PLAicyFu9HNYIRMm0lCrXSsllvvJidcpUi;./audios/Cette année là.mp4;193
Face à la mer;Passi;WatiBonSon;https://youtu.be/ULvoKkEPCYM?list=PLAicyFu9HNYIRMm0lCrXSsllvvJidcpUi;./audios/Face à la mer.mp4;222
Sexy pour moi;Tragédie;WatiBonSon;https://youtu.be/y1X__SjytFE?list=PLAicyFu9HNYIRMm0lCrXSsllvvJidcpUi;./audios/Sexy pour moi.mp4;216
Trois nuits par semaine;Indochine;WatiBonSon;https://youtu.be/MesqtwX6sJw?list=PLAicyFu9HNYIRMm0lCrXSsllvvJidcpUi;./audios/Trois nuits par semaine.mp4;313
Shape of my heart;Sting;None;https://youtu.be/QK-Z1K67uaA?si=wEoz40vDbjSjV21p;./audios/Shape of my heart.mp4;278
Partenaire Particulier Remix;Flawx;WatiBonSon;https://youtu.be/sZ40EVP21I4?list=PLAicyFu9HNYIRMm0lCrXSsllvvJidcpUi;./audios/Partenaire Particulier Remix.mp4;206
Maldon;Zouk Machine;WatiBonSon;https://youtu.be/Bxxg6GxsvSo?list=PLAicyFu9HNYIRMm0lCrXSsllvvJidcpUi;./audios/Maldon.mp4;245
Freed from desire;Gala;WatiBonSon;https://youtu.be/p3l7fgvrEKM?list=PLAicyFu9HNYIRMm0lCrXSsllvvJidcpUi;./audios/Freed from desire.mp4;214
Techno toujours pareil;Salut c'est cool;WatiBonSon;https://youtu.be/x537Cqg5nEI?list=PLAicyFu9HNYIRMm0lCrXSsllvvJidcpUi;./audios/Techno toujours pareil.mp4;193
Subwoofer Lullaby;C418;None;https://youtu.be/Dg0IjOzopYU?si=Az42IlfSdBgX5qsU;./audios/Subwoofer Lullaby.mp4;7613
Bad;Michael Jackson;WatiBonSon;https://youtu.be/dsUXAEzaC3Q?list=PLAicyFu9HNYIRMm0lCrXSsllvvJidcpUi;./audios/Bad.mp4;260
Sweden;C418;jeux_video;https://youtu.be/Dg0IjOzopYU?si=nwlWWfS8YIWmk8bS&t=1688;./audios/Sweden.mp4;7613
The Ketchup Song;Las Ketchup;WatiBonSon;https://youtu.be/Y6Lsr_z4hN0?list=PLAicyFu9HNYIRMm0lCrXSsllvvJidcpUi;./audios/The Ketchup Song.mp4;211
Dragostea din tei;O-zone;WatiBonSon;https://youtu.be/EIkDE67Z5zM?list=PLAicyFu9HNYIRMm0lCrXSsllvvJidcpUi;./audios/Numa numa yei.mp4;215
You Spin Me Round;Dead Or Alive;WatiBonSon;https://youtu.be/PGNiXGX2nLU?list=PLAicyFu9HNYIRMm0lCrXSsllvvJidcpUi;./audios/You Spin Me Round.mp4;197
Suave;Nayer;WatiBonSon;https://youtu.be/o0PpP0ksmcI?list=PLAicyFu9HNYIRMm0lCrXSsllvvJidcpUi;./audios/Suave.mp4;224
Moonlight Shadow;ItaloBrothers;WatiBonSon;https://youtu.be/L_msSa9AFbc?list=PLAicyFu9HNYIRMm0lCrXSsllvvJidcpUi;./audios/Moonlight Shadow.mp4;203
Duele El Corazon;Enrique Iglesias;WatiBonSon;https://youtu.be/d6gY61cVgF4?list=PLAicyFu9HNYIRMm0lCrXSsllvvJidcpUi&t=2;./audios/Duele El Corazon.mp4;200
The Bad Touch 2k20;DJ Gollum;WatiBonSon;https://youtu.be/NC_YxtR5NEo?list=PLAicyFu9HNYIRMm0lCrXSsllvvJidcpUi;./audios/The Bad Touch 2k20.mp4;161
Pump it Up;Danzel;WatiBonSon;https://youtu.be/0HtyF0jux2Q?list=PLAicyFu9HNYIRMm0lCrXSsllvvJidcpUi;./audios/Pump it Up.mp4;231
Take it Off;Ke$ha;WatiBonSon;https://youtu.be/edP0L6LQzZE?list=PLAicyFu9HNYIRMm0lCrXSsllvvJidcpUi;./audios/Take it Off.mp4;222
The Sweet Escape;Gwen Stefani;WatiBonSon;https://www.youtube.com/watch?v=O0lf_fE3HwA&list=PLAicyFu9HNYIRMm0lCrXSsllvvJidcpUi&index=44;./audios/The Sweet Escape.mp4;246
Destination Calabria;Alex Gaudino;WatiBonSon;https://youtu.be/Kq4OtRsdXls?list=PLAicyFu9HNYIRMm0lCrXSsllvvJidcpUi;./audios/Destination Calabria.mp4;183
Pon de Replay;Rihanna;WatiBonSon;https://youtu.be/9fT1CEf7Wzg?list=PLAicyFu9HNYIRMm0lCrXSsllvvJidcpUi;./audios/Pon de Replay.mp4;247
Les Sunlights des tropiques;Gilbert Montagné;WatiBonSon;https://youtu.be/bQwNXzBPuhI?list=PLAicyFu9HNYIRMm0lCrXSsllvvJidcpUi;./audios/Les Sunlights des tropiques.mp4;238
Mon Eldorado;Yannick Noah;WatiBonSon;https://youtu.be/xO7BG8PIP5s?list=PLAicyFu9HNYIRMm0lCrXSsllvvJidcpUi;./audios/Mon Eldorado.mp4;190
Le temps des colonies;Michel Sardou;None;https://youtu.be/cFFST-az2qw?si=2aPgnj48IGMEa8Ah;./audios/Le temps des colonies.mp4;186
Ma beauté;Maitre Gims;WatiBonSon;https://youtu.be/bMPbYz3E8B0?list=PLAicyFu9HNYIRMm0lCrXSsllvvJidcpUi&t=87;./audios/Ma beauté.mp4;201
Sapés comme jamais;Maitre Gims;WatiBonSon;https://youtu.be/4bPGxLxogvw?list=PLAicyFu9HNYIRMm0lCrXSsllvvJidcpUi&t=51;./audios/Sapés comme jamais.mp4;205
DotA;Basshunter;WatiBonSon;https://youtu.be/TuNyDfHKzlk?list=PLAicyFu9HNYIRMm0lCrXSsllvvJidcpUi;./audios/DotA.mp4;201
I Want It That Way;Backstreet Boys;WatiBonSon;https://youtu.be/4fndeDfaWCg?list=PLAicyFu9HNYIRMm0lCrXSsllvvJidcpUi&t=54;./audios/I Want It That Way.mp4;219
Believe;Cher;WatiBonSon;https://youtu.be/nZXRV4MezEw?list=PLAicyFu9HNYIRMm0lCrXSsllvvJidcpUi;./audios/Believe.mp4;237
Ravers in the UK;Manian;WatiBonSon;https://youtu.be/aHoH7D_7wdA?list=PLAicyFu9HNYIRMm0lCrXSsllvvJidcpUi;./audios/Ravers in the UK.mp4;204
Welcome to the Club;Manian;WatiBonSon;https://youtu.be/7F9xDewtgNA?list=PLAicyFu9HNYIRMm0lCrXSsllvvJidcpUi&t=26;./audios/Welcome to the Club.mp4;192
More Than Friends;INNA;WatiBonSon;https://youtu.be/iYLrlxJPs9Q?list=PLAicyFu9HNYIRMm0lCrXSsllvvJidcpUi;./audios/More Than Friends.mp4;238
Get Up;Technotronic;WatiBonSon;https://youtu.be/a6xDiPubxVU?list=PLAicyFu9HNYIRMm0lCrXSsllvvJidcpUi&t=49;./audios/Get Up.mp4;211
Glad you came;The Wanted;WatiBonSon;https://youtu.be/2ggzxInyzVE?list=PLAicyFu9HNYIRMm0lCrXSsllvvJidcpUi;./audios/Glad you came.mp4;203
Mr. Saxobeat;Alexandra Stan;WatiBonSon;https://youtu.be/nwsewSMWIas?list=PLAicyFu9HNYIRMm0lCrXSsllvvJidcpUi&t=88;./audios/Mr. Saxobeat.mp4;194
The Riddle;Prezioso;WatiBonSon;https://youtu.be/1uWljK-V54U?list=PLAicyFu9HNYIRMm0lCrXSsllvvJidcpUi&t=18;./audios/The Riddle.mp4;180
My Life Is A Party;ItaloBrothers;WatiBonSon;https://youtu.be/sok8kp_DSqE?list=PLAicyFu9HNYIRMm0lCrXSsllvvJidcpUi&t=95;./audios/My Life Is A Party.mp4;211
Temperature;Sean Paul;WatiBonSon;https://youtu.be/W0g_9OGdH-o?list=PLAicyFu9HNYIRMm0lCrXSsllvvJidcpUi&t=2;./audios/Temperature.mp4;219
Get Busy;Sean Paul;WatiBonSon;https://youtu.be/tshxBEBMaA8?list=PLAicyFu9HNYIRMm0lCrXSsllvvJidcpUi&t=4;./audios/Get Busy.mp4;212
Wild Thoughts;DJ Khaled;WatiBonSon;https://youtu.be/fyaI4-5849w?list=PLAicyFu9HNYIRMm0lCrXSsllvvJidcpUi&t=61;./audios/Wild Thoughts.mp4;216
La Kiffance;Naps;WatiBonSon;https://youtu.be/3r9vJI5OiV8?list=PLAicyFu9HNYIRMm0lCrXSsllvvJidcpUi&t=68;./audios/La Kiffance.mp4;154
Witch Doctor;Cartoons;WatiBonSon;https://youtu.be/UNAr5tzZxdk?list=PLAicyFu9HNYIRMm0lCrXSsllvvJidcpUi&t=13;./audios/Witch Doctor.mp4;203
The Pope of Dope;Party Harders;WatiBonSon;https://youtu.be/Fkq9K1xCHEA?list=PLAicyFu9HNYIRMm0lCrXSsllvvJidcpUi;./audios/The Pope of Dope.mp4;178
Team BS;Team BS;WatiBonSon;https://youtu.be/ekaJOyi-8wM?list=PLAicyFu9HNYIRMm0lCrXSsllvvJidcpUi;./audios/Team BS.mp4;233
Wannabe;Spice Girls;WatiBonSon;https://youtu.be/tscL_I2v7pU?list=PLAicyFu9HNYIRMm0lCrXSsllvvJidcpUi;./audios/Wannabe.mp4;173
Dynamite;Taio Cruz;WatiBonSon;https://youtu.be/3MrY_BwLChk?list=PLAicyFu9HNYIRMm0lCrXSsllvvJidcpUi;./audios/Dynamite.mp4;203
Payphone;Maroon 5;WatiBonSon;https://youtu.be/7V9AgjVMlHU?list=PLAicyFu9HNYIRMm0lCrXSsllvvJidcpUi;./audios/Payphone.mp4;232
Le bilan;Neg' Marrons;WatiBonSon;https://youtu.be/IoKkslxaZ54?list=PLAicyFu9HNYIRMm0lCrXSsllvvJidcpUi;./audios/Le bilan.mp4;264
Je danse le Mia;IAM;WatiBonSon;https://youtu.be/7ceNf9qJjgc?list=PLAicyFu9HNYIRMm0lCrXSsllvvJidcpUi&t=85;./audios/Je danse le Mia.mp4;241
Jai Ho;A.R. Rahman;WatiBonSon;https://youtu.be/Yc5OyXmHD0w?list=PLAicyFu9HNYIRMm0lCrXSsllvvJidcpUi;./audios/Jai Ho.mp4;220
Drank and Drugs;Lil Kleine;WatiBonSon;https://youtu.be/_swivbEsD50?list=PLAicyFu9HNYIRMm0lCrXSsllvvJidcpUi;./audios/Drank and Drugs.mp4;146
Lezgongue;ZZCCMXTP;WatiBonSon;https://youtu.be/Zb7w2QFDiYQ?list=PLAicyFu9HNYIRMm0lCrXSsllvvJidcpUi&t=66;./audios/Lezgongue.mp4;200
Les Filles adorent;PZK;WatiBonSon;https://youtu.be/6c1PAeoaJOo?list=PLAicyFu9HNYIRMm0lCrXSsllvvJidcpUi&t=93;./audios/Les Filles adorent.mp4;209
Héroine;Keen'V;WatiBonSon;https://youtu.be/Zw9quO3MyWI?list=PLAicyFu9HNYIRMm0lCrXSsllvvJidcpUi;./audios/Héroine.mp4;256
Danza Kuduro;Lucenzo;WatiBonSon;https://youtu.be/LszrNDvIivU?list=PLAicyFu9HNYIRMm0lCrXSsllvvJidcpUi;./audios/Danza Kuduro.mp4;216
Obsesion;Kenza Farah;WatiBonSon;https://youtu.be/KVH5hMrRbIo?list=PLAicyFu9HNYIRMm0lCrXSsllvvJidcpUi&t=36;./audios/Obsesion.mp4;185
Le Mur du Son;Willy Denzey;WatiBonSon;https://youtu.be/T2uX0hnq7io?list=PLAicyFu9HNYIRMm0lCrXSsllvvJidcpUi&t=79;./audios/Le Mur du Son.mp4;193
Hey Oh;Tragédie;WatiBonSon;https://youtu.be/Ar3gjde1woQ?list=PLAicyFu9HNYIRMm0lCrXSsllvvJidcpUi;./audios/Hey Oh.mp4;212
Femme like U;K.Maro;WatiBonSon;https://youtu.be/8qfM7offtiA?list=PLAicyFu9HNYIRMm0lCrXSsllvvJidcpUi&t=85;./audios/Femme like U.mp4;236
Chuis Bo;PZK;WatiBonSon;https://youtu.be/0TBrwDNWqKw?list=PLAicyFu9HNYIRMm0lCrXSsllvvJidcpUi&t=83;./audios/Chuis Bo.mp4;211
Magic In the Air;MAGIC SYSTEM;WatiBonSon;https://youtu.be/BAkqJT_sMKQ?list=PLAicyFu9HNYIRMm0lCrXSsllvvJidcpUi;./audios/Magic In the Air.mp4;233
I Gotta Feeling;The Black Eyed Peas;WatiBonSon;https://youtu.be/uSD4vsh1zDA?list=PLAicyFu9HNYIRMm0lCrXSsllvvJidcpUi&t=123;./audios/I Gotta Feeling.mp4;291
Celui;Colonel Reyel;WatiBonSon;https://youtu.be/KyXW64L-XZA?list=PLAicyFu9HNYIRMm0lCrXSsllvvJidcpUi&t=71;./audios/Celui.mp4;200
Du Berceau au Linceul;The Shin Sekai;WatiBonSon;https://youtu.be/r1pPBrzEUxI?list=PLAicyFu9HNYIRMm0lCrXSsllvvJidcpUi&t=100;./audios/Du Berceau au Linceul.mp4;248
Il avait les mots;Sheryfa Luna;WatiBonSon;https://youtu.be/NgOocOZgdNw?list=PLAicyFu9HNYIRMm0lCrXSsllvvJidcpUi&t=76;./audios/Il avait les mots.mp4;227
Girlfriend;Avril Lavigne;WatiBonSon;https://youtu.be/Bg59q4puhmg?list=PLAicyFu9HNYIRMm0lCrXSsllvvJidcpUi&t=61;./audios/Girlfriend.mp4;227
Everytime we touch;Cascada;WatiBonSon;https://youtu.be/4G6QDNC4jPs?list=PLAicyFu9HNYIRMm0lCrXSsllvvJidcpUi&t=68;./audios/Everytime we touch.mp4;215
Keep On Moving;Starstylers;WatiBonSon;https://youtu.be/y1JYg2V22_M?list=PLAicyFu9HNYIRMm0lCrXSsllvvJidcpUi&t=63;./audios/Keep On Moving.mp4;194
Kernkraft 400;Zombie Nation;WatiBonSon;https://youtu.be/z5LW07FTJbI?list=PLAicyFu9HNYIRMm0lCrXSsllvvJidcpUi&t=45;./audios/Kernkraft 400.mp4;210
Since U been gone;Kelly Clarkson;WatiBonSon;https://youtu.be/R7UrFYvl5TE?list=PLAicyFu9HNYIRMm0lCrXSsllvvJidcpUi&t=72;./audios/Since U been gone.mp4;192
Engeltje;Jebroer;WatiBonSon;https://youtu.be/1mbrXJRgbLE?list=PLAicyFu9HNYIRMm0lCrXSsllvvJidcpUi&t=65;./audios/Engeltje.mp4;183
Obsession;Aventura;WatiBonSon;https://youtu.be/3Eul-QAtN6c?list=PLAicyFu9HNYIRMm0lCrXSsllvvJidcpUi&t=35;./audios/Obsession.mp4;184
Balada;Gusttavo Lima;WatiBonSon;https://youtu.be/Z1ZKaR-9Kt4?list=PLAicyFu9HNYIRMm0lCrXSsllvvJidcpUi&t=76;./audios/Balada.mp4;203
Rave in the Grave;AronChupa;WatiBonSon;https://youtu.be/ozcKdmjFE1I?list=PLAicyFu9HNYIRMm0lCrXSsllvvJidcpUi&t=58;./audios/Rave in the Grave.mp4;163
Gravé dans la roche;Sniper;WatiBonSon;https://youtu.be/Iy1gH00vkMw?list=PLAicyFu9HNYIRMm0lCrXSsllvvJidcpUi&t=99;./audios/Gravé dans la roche.mp4;288
Magic;B.o.B;WatiBonSon;https://youtu.be/Cq-NShfefks?list=PLAicyFu9HNYIRMm0lCrXSsllvvJidcpUi&t=60;./audios/Magig.mp4;221
Mona Lisa;Booba;WatiBonSon;https://youtu.be/Cp9pk-FkE6E?list=PLAicyFu9HNYIRMm0lCrXSsllvvJidcpUi&t=76;./audios/Mona Lisa.mp4;187
Bumpy Ride;Mohombi;WatiBonSon;https://youtu.be/G2RCCDSBEGk?list=PLAicyFu9HNYIRMm0lCrXSsllvvJidcpUi&t=79;./audios/Bumpy Ride.mp4;240
Un Monde Parfait Remix;Ilona;WatiBonSon;https://youtu.be/tamDkQdzorA?list=PLAicyFu9HNYIRMm0lCrXSsllvvJidcpUi&t=72;./audios/Un Monde Parfait Remix.mp4;163
Evacuate the DanceFloor;Cascada;WatiBonSon;https://youtu.be/A68j28KQaik?list=PLAicyFu9HNYIRMm0lCrXSsllvvJidcpUi&t=71;./audios/Evacuate the DanceFloor.mp4;208
Façon Sex;Tribal King;WatiBonSon;https://youtu.be/zxxzjHpivmA?list=PLAicyFu9HNYIRMm0lCrXSsllvvJidcpUi&t=72;./audios/Façon Sex.mp4;210
Pumped Up Kicks;Foster the People;WatiBonSon;https://youtu.be/SDTZ7iX4vTQ?list=PLAicyFu9HNYIRMm0lCrXSsllvvJidcpUi&t=112;./audios/Pumped Up Kicks.mp4;256
Blame It On the Boogie;The Jacksons;WatiBonSon;https://youtu.be/nqxVMLVe62U?list=PLAicyFu9HNYIRMm0lCrXSsllvvJidcpUi&t=3;./audios/Blame It On the Boogie.mp4;213
Summer Jam;The Underdog Project;WatiBonSon;https://youtu.be/J7drvhZwPcs?list=PLAicyFu9HNYIRMm0lCrXSsllvvJidcpUi&t=3;./audios/Summer Jam.mp4;230
Alive;Mondotek;WatiBonSon;https://youtu.be/EqhKK3DeSdw?list=PLAicyFu9HNYIRMm0lCrXSsllvvJidcpUi&t=2;./audios/Alive.mp4;190
La Camisa Negra;Juanes;WatiBonSon;https://youtu.be/kRt2sRyup6A?list=PLAicyFu9HNYIRMm0lCrXSsllvvJidcpUi&t=87;./audios/La Camisa Negra.mp4;247
La Tribu de Dana;Manau;WatiBonSon;https://youtu.be/80hMEKlLVgQ?list=PLAicyFu9HNYIRMm0lCrXSsllvvJidcpUi&t=85;./audios/La Tribu de Dana.mp4;226
Thrift Shop;Macklemore;WatiBonSon;https://youtu.be/QK8mJJJvaes?list=PLAicyFu9HNYIRMm0lCrXSsllvvJidcpUi;./audios/Thrift Shop.mp4;233
Mafiosa;Lartiste;WatiBonSon;https://youtu.be/S6baf8BqKDI?list=PLAicyFu9HNYIRMm0lCrXSsllvvJidcpUi&t=58;./audios/Mafiosa.mp4;199
Stay;The Kid Laroi;WatiBonSon;https://youtu.be/kTJczUoc26U?list=PLAicyFu9HNYIRMm0lCrXSsllvvJidcpUi&t=60;./audios/Stay.mp4;158
Timber;Pitbull;WatiBonSon;https://youtu.be/hHUbLv4ThOo?list=PLAicyFu9HNYIRMm0lCrXSsllvvJidcpUi;./audios/Timber.mp4;214
Bande Organisée;Jul;WatiBonSon;https://youtu.be/-CVn3-3g_BI?list=PLAicyFu9HNYIRMm0lCrXSsllvvJidcpUi&t=101;./audios/Bande Organisée.mp4;374
We Are Golden;Mika;WatiBonSon;https://youtu.be/hEhutIEUq8k?list=PLAicyFu9HNYIRMm0lCrXSsllvvJidcpUi&t=87;./audios/We Are Golden.mp4;246
ABC;The Jacksons;WatiBonSon;https://youtu.be/ISqzbbZVIiU?list=PLAicyFu9HNYIRMm0lCrXSsllvvJidcpUi;./audios/ABC.mp4;178
Tahiti;Keen'V;WatiBonSon;https://youtu.be/7yCaNt9qRek?list=PLAicyFu9HNYIRMm0lCrXSsllvvJidcpUi&t=65;./audios/Tahiti.mp4;194
Ik Ga Zwemmen;Mart Hoogkamer;WatiBonSon;https://youtu.be/Ckg3byPznbk?list=PLAicyFu9HNYIRMm0lCrXSsllvvJidcpUi&t=68;./audios/Ik Ga Zwemmen.mp4;177
Party Rock Anthem;LMFAO;WatiBonSon;https://youtu.be/kmioyMNkgx4?list=PLAicyFu9HNYIRMm0lCrXSsllvvJidcpUi&t=102;./audios/Party Rock Anthem.mp4;262
We Like to Party;Vengaboys;WatiBonSon;https://youtu.be/6Zbi0XmGtMw?list=PLAicyFu9HNYIRMm0lCrXSsllvvJidcpUi&t=84;./audios/We Like to Party.mp4;225
All Star;Smash Mouth;WatiBonSon;https://youtu.be/8ay_BkRuv-o?list=PLAicyFu9HNYIRMm0lCrXSsllvvJidcpUi;./audios/All Star.mp4;200
Hangover;Taio Cruz;WatiBonSon;https://youtu.be/5ydnBckk_yM?list=PLAicyFu9HNYIRMm0lCrXSsllvvJidcpUi&t=79;./audios/Hangover.mp4;245
The Antidote;Stupeflip;WatiBonSon;https://youtu.be/G_cdKPMcjiQ?list=PLAicyFu9HNYIRMm0lCrXSsllvvJidcpUi&t=92;./audios/The Antidote.mp4;248
Jeanne;Laurent Voulzy;WatiBonSon;https://youtu.be/mIC881PVNGQ?list=PLAicyFu9HNYIRMm0lCrXSsllvvJidcpUi&t=35;./audios/Jeanne.mp4;288
Never Gonna Give you up;Rick Astley;WatiBonSon;https://youtu.be/dQw4w9WgXcQ?list=PLAicyFu9HNYIRMm0lCrXSsllvvJidcpUi;./audios/Never Gonna Give you up.mp4;212
Nothing Else Matters;Metallica;Rock;https://youtu.be/tAGnKpE4NCI?list=PLZN_exA7d4RVmCQrG5VlWIjMOkMFZVVOc;./audios/Nothing Else Matters.mp4;386
Somebody To Love;Queen;Rock;https://youtu.be/kijpcUv-b8M?list=PLZN_exA7d4RVmCQrG5VlWIjMOkMFZVVOc&t=103;./audios/Somebody To Love.mp4;310
You Shook Me All Night Long;ACDC;Rock;https://youtu.be/Lo2qQmj0_h4?list=PLZN_exA7d4RVmCQrG5VlWIjMOkMFZVVOc&t=86;./audios/You Shook Me All Night Long.mp4;208
Wonderful Tonight;Eric Clapton;Rock;https://youtu.be/xl7Hd2r0LOs?list=PLZN_exA7d4RVmCQrG5VlWIjMOkMFZVVOc&t=105;./audios/Wonderful Tonight.mp4;223
Time;Pink Floyd;Rock;https://youtu.be/JwYX52BP2Sk?list=PLZN_exA7d4RVmCQrG5VlWIjMOkMFZVVOc&t=142;./audios/Time.mp4;408
We Will Rock you;Queen;Rock;https://youtu.be/-tJYN-eG1zk?list=PL718D16542AE44430&t=43;./audios/We Will Rock you.mp4;135
We Are The Champions;Queen;Rock;https://youtu.be/04854XqcfCY?list=PL718D16542AE44430&t=103;./audios/We Are The Champions.mp4;190
I want it all;Queen;Rock;https://youtu.be/hFDcoX7s6rE?list=PL718D16542AE44430&t=103;./audios/I want it all.mp4;252
Bohemian Rhapsody;Queen;Rock;https://youtu.be/fJ9rUzIMcZQ?list=PL718D16542AE44430&t=187;./audios/Bohemian Rhapsody.mp4;359
Radio Ga Ga;Queen;Rock;https://youtu.be/azdwsXLmrHE?list=PL718D16542AE44430&t=132;./audios/Radio Ga Ga.mp4;353
Bicycle race;Queen;Rock;https://youtu.be/GugsCdLHm-Q?list=PL718D16542AE44430;./audios/Bicycle race.mp4;182
A Kind of Magic;Queen;Rock;https://youtu.be/0p_1QSUsbsM?list=PL718D16542AE44430&t=116;./audios/A Kind of Magic.mp4;269
Another One Bites the Dust;Queen;Rock;https://youtu.be/rY0WxgSXdEE?list=PL718D16542AE44430&t=89;./audios/Another One Bites the Dust.mp4;223
Killer Queen;Queen;Rock;https://youtu.be/2ZBtPf7FOoM?list=PL718D16542AE44430&t=75;./audios/Killer Queen.mp4;192
Fat Bottomed Girls;Queen;Rock;https://youtu.be/VMnjF1O4eH0?list=PL718D16542AE44430&t=84;./audios/Fat Bottomed Girls.mp4;231
Crazy Little Thing Called Love;Queen;Rock;https://youtu.be/zO6D_BAuYCI?list=PL718D16542AE44430&t=78;./audios/Crazy Little Thing Called Love.mp4;175
Under Pressure;Queen;Rock;https://youtu.be/a01QQZyl-_I?list=PL718D16542AE44430&t=95;./audios/Under Pressure.mp4;253
Comfortably Numb;Pink Floyd;Rock;https://youtu.be/_FrOQC-zEog?list=PL1tiBqitg38_Rsqb2qiTvm3hKX2Y2qUgg&t=165;./audios/Comfortably Numb.mp4;414
Learning to Fly;Pink Floyd;Rock;https://youtu.be/2mKDvp7MavQ?list=PL1tiBqitg38_Rsqb2qiTvm3hKX2Y2qUgg;./audios/Learning to Fly.mp4;293
Dark Side of The Moon;Pink Floyd;Rock;https://youtu.be/DLOth-BuCNY?list=PL1tiBqitg38_Rsqb2qiTvm3hKX2Y2qUgg&t=199;./audios/Dark Side of The Moon.mp4;446
Wish You Were Here;Pink Floyd;Rock;https://youtu.be/DPL_SV3n7IU?list=PL1tiBqitg38_Rsqb2qiTvm3hKX2Y2qUgg&t=129;./audios/Wish You Were Here.mp4;320
wii theme song;wii;None;https://www.youtube.com/watch?v=Twi92KYddW4;./audios/wii theme song.mp4;36001
Another Brick in the Wall;Pink Floyd;Rock;https://youtu.be/5IpYOF4Hi6Q?list=PL1tiBqitg38_Rsqb2qiTvm3hKX2Y2qUgg;./audios/Another Brick in the Wall.mp4;229
The Great Gig In The Sky;Pink Floyd;Rock;https://youtu.be/cVBCE3gaNxc?list=PL1tiBqitg38_Rsqb2qiTvm3hKX2Y2qUgg&t=87;./audios/The Great Gig In The Sky.mp4;287
You Give Love A Bad Name;Bon Jovi;Rock;https://youtu.be/N-3gdbxP8lU?list=PLTNnnG_Mu6j7z4XLo0nCqPNWdZdIRYk3y;./audios/You Give Love A Bad Name.mp4;223
La Grange;ZZ Top;Rock;https://youtu.be/vqz0wRaie2g;./audios/La Grange.mp4;230
Smells like teen spirit;Nirvana;Rock;https://youtu.be/hTWKbfoikeg;./audios/Smells like teen spirit.mp4;278
Back In Black;ACDC;Rock;https://youtu.be/pAgnJDJN4VA;./audios/Back In Black.mp4;254
Fortunate Son;Creedence Clearwater Revival;Rock;https://youtu.be/ZWijx_AgPiA?t=53;./audios/Fortunate Son.mp4;137
Should I Stay Or Should I Go;The Clash;Rock;https://youtu.be/BN1WwnEDWAM;./audios/Should I Stay Or Should I Go.mp4;190
Black Betty;Ram Jam;Rock;https://youtu.be/I_2D8Eo15wE?t=10;./audios/Black Betty.mp4;144
Sweet Home Alabama;Lynyrd Skynyrd;Rock;https://youtu.be/-p8GXZcdrIk?t=120;./audios/Sweet Home Alabama.mp4;285
Sultans of Swing;Dire Straits;Rock;https://youtu.be/0fAQhSRLQnM;./audios/Sultans of Swing.mp4;347
Whole Lotta Love;Led Zeppelin;Rock;https://youtu.be/HQmmM_qwG4k?t=30;./audios/Whole Lotta Love.mp4;289
Hotel California;Eagles;Rock;https://youtu.be/JWpa6TqdTK0?t=167;./audios/Hotel California.mp4;390
Still Loving You;Scorpions;Rock;https://youtu.be/O5Kw41JAfG4;./audios/Still Loving You.mp4;403
Sunday Bloody Sunday;U2;Rock;https://youtu.be/Iqlzoz_jH3c;./audios/Sunday Bloody Sunday.mp4;280
Under The Bridge;Red Hot Chili Peppers;Rock;https://youtu.be/GLvohMXgcBo;./audios/Under The Bridge.mp4;267
Roxanne;The Police;Rock;https://youtu.be/3T1c7GkzRQQ?t=92;./audios/Roxanne.mp4;190
Wonderwall;Oasis;Rock;https://youtu.be/6hzrDeceEKc?t=104;./audios/Wonderwall.mp4;279
Stand By Me;Oasis;Rock;https://youtu.be/maTP315XZCQ?t=104;./audios/Stand By Me.mp4;357
Stop Crying Your Heart out;Oasis;Rock;https://youtu.be/dhZUsNJ-LQU?t=140;./audios/Stop Crying Your Heart out.mp4;294
Champagne Supernova;Oasis;Rock;https://youtu.be/tI-5uv4wryI?t=171;./audios/Champagne Supernova.mp4;449
Smoke on the Water;Deep Purple;Rock;https://youtu.be/zUwEIt9ez7M;./audios/Smoke on the Water.mp4;341
Call me;Blondie;Rock;https://youtu.be/StKVS0eI85I;./audios/Call me.mp4;135
Beds Are Burning;Midnight Oil;Rock;https://youtu.be/ejorQVy3m8E?t=112;./audios/Beds Are Burning.mp4;276
Africa;TOTO;Rock;https://youtu.be/FTQbiNvZqaY?t=114;./audios/Africa.mp4;271
Creep;Radiohead;Rock;https://youtu.be/XFkzRNyygfk?t=116;./audios/Creep.mp4;237
Karma Police;Radiohead;Rock;https://youtu.be/1uYWYWPc9HU?t=110;./audios/Karma Police.mp4;263
No Surprises;Radiohead;Rock;https://youtu.be/u5CVsCnxyXg?t=76;./audios/No Surprises.mp4;227
The Final Countdown;Europe;Rock;https://youtu.be/9jK-NcRmVcw?t=121;./audios/The Final Countdown.mp4;296
Eye of The Tiger;Survivor;Rock;https://youtu.be/btPJPFnesV4?t=2;./audios/Eye of The Tiger.mp4;245
Jump;Van Halen;Rock;https://youtu.be/SwYN7mTi6HM;./audios/Jump.mp4;241
Walk This Way;Aerosmith;Rock;https://youtu.be/4c8O2n1Gfto;./audios/Walk This Way.mp4;221
Happy Together;The Turtles;Rock;https://youtu.be/9ZEURntrQOg?t=8;./audios/Happy Together.mp4;178
Space Oddity;David Bowie;Rock;https://youtu.be/iYYRH4apXDo?t=111;./audios/Space Oddity.mp4;305
Starman;David Bowie;Rock;https://youtu.be/tRcPA7Fzebw?t=102;./audios/Starman.mp4;258
Stairway to Heaven;Led Zeppelin;Rock;https://youtu.be/QkF3oxziUI4;./audios/Stairway to Heaven.mp4;483
Kill The DJ;Green Day;Rock;https://youtu.be/jW7VhkNqjnc?t=105;./audios/Kill The DJ.mp4;223
Boulevard of Broken Dreams;Green Day;Rock;https://youtu.be/Soa3gO7tL-c?t=112;./audios/Boulevard of Broken Dreams.mp4;288
Basket Case;Green Day;Rock;https://youtu.be/NUTGr5t3MoY?t=86;./audios/Basket Case.mp4;193
In The End;Linkin Park;Rock;https://youtu.be/eVTXPUF4Oz4?t=75;./audios/In The End.mp4;218
In The Shadows;The Rasmus;Rock;https://youtu.be/_ao2u7F_Qzg?t=12;./audios/In The Shadows.mp4;219
Glorious;Andreas Johnson;Pop;https://youtu.be/jVAelzteOdI?t=56;./audios/Glorious.mp4;207
Saturday;Twenty One Pilots;Pop;https://youtu.be/qJ19VKeDQbY?t=137;./audios/Saturday.mp4;172
Shy Away;Twenty One Pilots;Pop;https://youtu.be/3sO-Y1Zbft4?t=2;./audios/Shy Away.mp4;179
Tear In My Heart;Twenty One Pilots;Indie;https://youtu.be/uzm-6Fc9j5g?t=85;./audios/Tear In My Heart.mp4;194
Safe And Sound;Capital Cities;Pop;https://youtu.be/njvA03rMHx4;./audios/Safe And Sound.mp4;193
The Nights;Avicii;Pop;https://youtu.be/W4C-NEWrnSQ?t=18;./audios/The Nights.mp4;177
Counting Stars;OneRepublic;Pop;https://youtu.be/_GWKkqNoyEA?t=115;./audios/Counting Stars.mp4;257
Move Like Jagger;Maroon 5;Pop;https://youtu.be/viTjSjdetU0?t=74;./audios/Move Like Jagger.mp4;202
Uptown Funk;Pop;None;https://youtu.be/tYvFa2ARD24;./audios/Uptown Funk.mp4;270
Uptown Funk;Mark Ronson;Pop;https://youtu.be/tYvFa2ARD24;./audios/Uptown Funk.mp4;270
Right Round;Flo Rida;Pop;https://youtu.be/WUu0YvPX69E;./audios/Right Round.mp4;207
So What;Pink;Pop;https://youtu.be/BQ2P1K7Yl00?t=83;./audios/So What.mp4;215
Fuck You;Lily Allen;Pop;https://youtu.be/KR4qArdHhls?t=23;./audios/Fuck You.mp4;223
Grace Kelly;MIKA;Pop;https://youtu.be/OAX4nJAK_wg?t=91;./audios/Grace Kelly.mp4;188
Lemon Tree;Fools Garden;Pop;https://youtu.be/7m9ivNr-HLE?t=51;./audios/Lemon Tree.mp4;193
Losing My Religion;R.E.M;Rock;https://youtu.be/xwtdhWltSIg?t=169;./audios/Losing My Religion.mp4;294
Everybody Hurts;R.E.M;Rock;https://youtu.be/5rOiW_xY-kc?t=134;./audios/Everybody Hurts.mp4;344
Bitter Sweet Symphony;The Verve;Pop;https://youtu.be/1lyu1KKwC74?t=112;./audios/Bitter Sweet Symphony.mp4;275
Rocket Man;Elton John;Rock;https://youtu.be/DtVBCG6ThDk?t=76;./audios/Rocket Man.mp4;282
Tiny Dancer;Elton John;Rock;https://youtu.be/yYcyacLRPNs?t=156;./audios/Tiny Dancer.mp4;406
Your Song;Elton John;Rock;https://youtu.be/GlPlfCy1urI?t=78;./audios/Your Song.mp4;228
Prete-moi ta meuf;Max Boublil;Beauf;https://youtu.be/eTkCUlewHqs?t=1;./audios/Prete-moi ta meuf.mp4;259
Super Clash;Fatal;Beauf;https://youtu.be/JWDu_3E_ugI?t=3;./audios/Super Clash.mp4;128
Night Fever;Bee Gees;Disco;https://youtu.be/SkypZuY6ZvA;./audios/Night Fever.mp4;209
You Should Be Dancing;Bee Gees;Disco;https://youtu.be/1sqE6P3XyiQ?t=129;./audios/You Should Be Dancing.mp4;256
Daddy Cool;Boney M;Disco;https://youtu.be/aOKhjCM38QQ?t=90;./audios/Daddy Cool.mp4;219
Born To Be Alive;Patrick Hernandez;Disco;https://youtu.be/vb5a-GYty-o?t=89;./audios/Born To Be Alive.mp4;188
Hot Stuff;Donna Summer;Disco;https://youtu.be/1IdEhvuNxV8?t=40;./audios/Hot Stuff.mp4;229
Celebration;Kool and The Gang;Disco;https://youtu.be/3GwjfUFyY6M?t=77;./audios/Celebration.mp4;257
Dancing Queen;ABBA;Disco;https://youtu.be/xFrGuyw1V8s?t=96;./audios/Dancing Queen.mp4;233
Si No Estas;Inigo Quintero;Pop;https://youtu.be/fhh0ij37EoY?t=88;./audios/Si No Estas.mp4;184
BABY SAID;Maneskin;Indie;https://youtu.be/Z8NiouNEivo?t=35;./audios/BABY SAID.mp4;164
Ladies Night;Kool and The Gang;Disco;https://youtu.be/PVWqSWmzgYA?t=143;./audios/Ladies Night.mp4;386
Scatman;Scatman John;Pop;https://youtu.be/Hy8kmNEo1i8;./audios/Scatman.mp4;211
What Is Love;Haddaway;Pop;https://youtu.be/HEXWRTEbj1I?t=90;./audios/What Is Love.mp4;241
Venus;Bananarama;Pop;https://youtu.be/d4-1ASpdT1Y;./audios/Venus.mp4;217
Brother Louie;Modern Talking;Disco;https://youtu.be/KWluXeUUUNA?t=107;./audios/Brother Louie.mp4;221
Billie Jean;Michael Jackson;Disco;https://youtu.be/DKFS2tDsZRY?t=124;./audios/Billie Jean.mp4;293
Big And Chuncky;Will.I.Am;Pop;https://youtu.be/zDnPFxnALBg?t=136;./audios/Big And Chuncky.mp4;202
Alejandro;Lady Gaga;Pop;https://youtu.be/a8NyF5sjVlI?t=111;./audios/Alejandro.mp4;287
Bad Romance;Lady Gaga;Pop;https://youtu.be/iqAtv1ORcLc?t=116;./audios/Bad Romance.mp4;295
Disturbia;RIhanna;Pop;https://youtu.be/BC2nSSK6LY0?t=96;./audios/Disturbia.mp4;237
Savoir Aimer;Florent Pagny;Chansons françaises;https://youtu.be/g-gh2hIRhkc?list=PLPxEU71gUzZqY32cR1gQCVmqXU6cxYSv0&t=132;./audios/Savoir Aimer.mp4;277
Blank Space;Taylor Swift;Pop;https://youtu.be/e-ORhEE9VVg?list=PLPxEU71gUzZqY32cR1gQCVmqXU6cxYSv0&t=113;./audios/Blank Space.mp4;272
Zombie;The Cranberries;Rock;https://youtu.be/6Ejga4kJUts?list=PLPxEU71gUzZqY32cR1gQCVmqXU6cxYSv0&t=143;./audios/Zombie.mp4;307
Numb;Linkin Park;Rock;https://youtu.be/dxp9w9Ggehc?t=104;./audios/Numb.mp4;188
My Immortal;Evanescence;Metal;https://youtu.be/5anLPw0Efmo?list=PLPxEU71gUzZqY32cR1gQCVmqXU6cxYSv0&t=157;./audios/My Immortal.mp4;272
Bring Me To Life;Evanescence;Metal;https://youtu.be/3YxaaGgTQYM?t=136;./audios/Bring Me To Life.mp4;254
Set Fire To The Rain;Adele;Pop;https://youtu.be/Ri7-vnrJD3k?list=PLPxEU71gUzZqY32cR1gQCVmqXU6cxYSv0&t=120;./audios/Set Fire To The Rain.mp4;238
Beautiful Girls;Sean Kingston;Pop;https://youtu.be/MrTz5xjmso4?list=PLPxEU71gUzZqY32cR1gQCVmqXU6cxYSv0&t=86;./audios/Beautiful Girls.mp4;262
Meet Me Halfway;The Black Eyed Peas;Pop;https://youtu.be/I7HahVwYpwo?list=PLPxEU71gUzZqY32cR1gQCVmqXU6cxYSv0&t=166;./audios/Meet Me Halfway.mp4;289
Dangerous;Kardinal Offishall;Pop;https://youtu.be/Ro7yHf_pU14?list=PLPxEU71gUzZqY32cR1gQCVmqXU6cxYSv0&t=106;./audios/Dangerous.mp4;252
Beautiful;Akon;Pop;https://youtu.be/rSOzN0eihsE?list=PLPxEU71gUzZqY32cR1gQCVmqXU6cxYSv0&t=122;./audios/Beautiful.mp4;228
Memories;David Guetta;Pop;https://youtu.be/NUVCQXMUVnI?list=PLPxEU71gUzZqY32cR1gQCVmqXU6cxYSv0;./audios/Memories.mp4;209
Désenchantée;Mylène Farmer;Chansons françaises;https://youtu.be/lzGmpqN9zZc?list=PLPxEU71gUzZqY32cR1gQCVmqXU6cxYSv0&t=116;./audios/Désenchantée.mp4;308
Le Paradis Blanc;Michel Berger;Chansons françaises;https://youtu.be/Z2OawuAcIF4?list=PLPxEU71gUzZqY32cR1gQCVmqXU6cxYSv0&t=117;./audios/Le Paradis Blanc.mp4;279
La Lettre;Renan Luce;Chansons françaises;https://youtu.be/UR1GZrzizXM?list=PLPxEU71gUzZqY32cR1gQCVmqXU6cxYSv0;./audios/La Lettre.mp4;195
Scarface;Paul Engermann;Rock;https://youtu.be/9D-QD_HIfjA?list=PLPxEU71gUzZqY32cR1gQCVmqXU6cxYSv0&t=81;./audios/Scarface.mp4;183
Careless Whisper;George Michael;Pop;https://youtu.be/izGwDsrQ1eQ?list=PLPxEU71gUzZqY32cR1gQCVmqXU6cxYSv0;./audios/Careless Whisper.mp4;301
Alone;Alan Walker;Electro;https://youtu.be/1-xGerv5FOk?list=PLPxEU71gUzZqY32cR1gQCVmqXU6cxYSv0&t=67;./audios/Alone.mp4;163
I Took A Pill In Ibiza;Mike Posner;Pop;https://youtu.be/foE1mO2yM04?t=81;./audios/I Took A Pill In Ibiza.mp4;236
Enjoy The Silence;Depeche Mode;Rock;https://youtu.be/aGSKrC7dGcY?list=PLPxEU71gUzZqY32cR1gQCVmqXU6cxYSv0&t=115;./audios/Enjoy The Silence.mp4;280
Eve Lève toi;Julia Pietri;Chansons françaises;https://youtu.be/27ynOX-ZYA8?list=PLPxEU71gUzZqY32cR1gQCVmqXU6cxYSv0&t=101;./audios/Eve Lève toi.mp4;293
Just Dance;Lady Gaga;Pop;https://youtu.be/2Abk1jAONjw?list=PLPxEU71gUzZqY32cR1gQCVmqXU6cxYSv0&t=89;./audios/Just Dance.mp4;247
Satisfaction;Benny Benassi;Electro;https://youtu.be/a0fkNdPiIL4?list=PLPxEU71gUzZqY32cR1gQCVmqXU6cxYSv0&t=63;./audios/Satisfaction.mp4;147
La la la;Naughty Boy;Pop;https://youtu.be/3O1_3zBUKM8?list=PLPxEU71gUzZqY32cR1gQCVmqXU6cxYSv0&t=80;./audios/La la la.mp4;244
Là-bas;Jean-Jacques Goldman;Chansons françaises;https://youtu.be/zFwaRmpzvjo?list=PLPxEU71gUzZqY32cR1gQCVmqXU6cxYSv0&t=100;./audios/Là-bas.mp4;293
Zombie;Maitre GIms;Chansons françaises;https://youtu.be/6yDEYu61piI?list=PLPxEU71gUzZqY32cR1gQCVmqXU6cxYSv0&t=124;./audios/Zombie.mp4;327
Firework;Katy Perry;Pop;https://youtu.be/QGJuMBdaqIw?list=PLPxEU71gUzZqY32cR1gQCVmqXU6cxYSv0&t=15;./audios/Firework.mp4;233
Viva La Vida;Coldplay;Indie;https://youtu.be/dvgZkm1xWPE?list=PLPxEU71gUzZqY32cR1gQCVmqXU6cxYSv0&t=110;./audios/Viva La Vida.mp4;242
Feel;Robbie Williams;Pop;https://youtu.be/iy4mXZN1Zzk?list=PLPxEU71gUzZqY32cR1gQCVmqXU6cxYSv0&t=165;./audios/Feel.mp4;273
Tu trouveras;Natacha St-Pier;Chansons françaises;https://youtu.be/yB_UBqMRvKk?list=PLPxEU71gUzZqY32cR1gQCVmqXU6cxYSv0&t=90;./audios/Tu trouveras.mp4;229
Thunderstruck;ACDC;Rock;https://youtu.be/v2AC41dglnM?list=PLPxEU71gUzZqY32cR1gQCVmqXU6cxYSv0&t=114;./audios/Thunderstruck.mp4;293
Fresh;Kool and The Gang;Disco;https://youtu.be/sTJ1XwGDcA4?list=PLPxEU71gUzZqY32cR1gQCVmqXU6cxYSv0&t=92;./audios/Fresh.mp4;230
Les Limites;Julien Doré;Chansons françaises;https://youtu.be/AekYJ62Knno?list=PLPxEU71gUzZqY32cR1gQCVmqXU6cxYSv0;./audios/Les Limites.mp4;144
Je me lache;Christophe Mae;Chansons françaises;https://youtu.be/BvIvwHoG5fs?list=PLPxEU71gUzZqY32cR1gQCVmqXU6cxYSv0&t=72;./audios/Je me lache.mp4;190
Smooth Criminal;Michael Jackson;Pop;https://youtu.be/q8w1d01Y2vY?list=PLPxEU71gUzZqY32cR1gQCVmqXU6cxYSv0&t=107;./audios/Smooth Criminal.mp4;240
Nightcall;Kavinsky;Electro;https://youtu.be/MV_3Dpw-BRY?t=126;./audios/Nightcall.mp4;257
Nightcall;Kavinsky;Electro;https://youtu.be/MV_3Dpw-BRY?t=126;./audios/Nightcall.mp4;257
Comme un Homme;Mulan;Disney;https://youtu.be/E-p6l9nioNI?t=27;./audios/Comme un Homme.mp4;210
Prince Ali;Aladdin;Disney;https://youtu.be/H1Fv67HKdkQ?t=87;./audios/Prince Ali.mp4;176
Ce rêve bleu;Aladdin;Disney;https://youtu.be/kGyS2-rZsC0?t=79;./audios/Ce rêve bleu.mp4;158
Hakuna Matata;Le Roi Lion;Disney;https://youtu.be/v34w65U98gI?t=205;./audios/Hakuna Matata.mp4;257
Le Festin;Ratatouille;Disney;https://youtu.be/ca5ae-ovQl4?t=74;./audios/Le Festin.mp4;176
Tout le monde veut devenir un cat;Les Aristochats;Disney;https://youtu.be/_IXSKwujXdw;./audios/Tout le monde veut devenir un cat.mp4;250
Siffler en travaillant;Blanche Neige et les Sept Nains;Disney;https://youtu.be/YHU4fXw3a_U?t=24;./audios/Siffler en travaillant.mp4;225
La Chanson de la Pluie;Bambi;Disney;https://youtu.be/m4wVf05X5GQ?t=96;./audios/La Chanson de la Pluie.mp4;255
Supercalifragilisticexpialidocious;Mary Poppins;Disney;https://youtu.be/2BduV7k5W-o?t=36;./audios/Supercalifragilisticexpialidocious.mp4;132
Creuse encore et encore;La Princesse et la Grenouille;Disney;https://youtu.be/oC7sOoyW1IY?t=53;./audios/Creuse encore et encore.mp4;177
Je voudrais déjà être roi;Le Roi Lion;Disney;https://youtu.be/HBwZPozCmGA?t=71;./audios/Je voudrais déjà être roi.mp4;166
Je ne savais pas;La Belle et la Bête;Disney;https://youtu.be/QvHBsX5iBKQ?t=40;./audios/Je ne savais pas.mp4;126
Belle;La Belle et la Bête;Disney;https://www.youtube.com/watch?v=Vm7gj9vqBjY&t=14s&ab_channel=DisneyFR;./audios/Belle.mp4;294
Hawaiian Roller Coaster Ride;Lilo et Stitch;None;https://www.youtube.com/watch?v=nXpB1rixnPQ&t=165s&ab_channel=RSMJ;./audios/Hawaiian Roller Coaster Ride.mp4;231
Walk of Life;Dire Straits;Rock;https://youtu.be/kd9TlGDZGkI;./audios/Walk of Life.mp4;237
Il vit en toi;Le Roi Lion;Disney;https://youtu.be/SYJUAQG1S7Q?t=75;./audios/Il vit en toi.mp4;169
De zéro en héros;Hercule;Disney;https://youtu.be/MY0zejx9F8M?t=58;./audios/De zéro en héros.mp4;153
Ma belle Evangeline;La Princesse et la Grenouille;Disney;https://youtu.be/YruTbwbH_5U?t=17;./audios/Ma belle Evangeline.mp4;130
Ne partez pas sans moi;Céline Dion;Eurovision;https://youtu.be/8pEYw8PcBas?t=85;./audios/Ne partez pas sans moi.mp4;184
Sous le Vent;Garou;Chansons françaises;https://youtu.be/a2_ss9y-VjE?t=91;./audios/Sous le Vent.mp4;228
Waterloo;ABBA;Eurovision;https://youtu.be/Sj_9CiNkkn4;./audios/Waterloo.mp4;167
Tattoo;Loreen;Eurovision;https://youtu.be/PcCD9n0ZYew?t=77;./audios/Tattoo.mp4;184
Zitti e buoni;Maneskin;Eurovision;https://youtu.be/0Upt-ddaw04?t=65;./audios/Zitti e buoni.mp4;184
Arcade;Duncan Laurence;Eurovision;https://youtu.be/afLScXH8uts?t=53;./audios/Arcade.mp4;185
Heroes;Mans Zelmerlow;Eurovision;https://youtu.be/-nbq6Ur103Q?t=66;./audios/Heroes.mp4;191
Rise like a Phoenix;Conchita Wurst;Eurovision;https://youtu.be/7bpsVfpbnyA?t=93;./audios/Rise like a Phoenix.mp4;196
Only Teardrops;Emmelie de Forest;Eurovision;https://youtu.be/KTlKyLa7ZLg?t=69;./audios/Only Teardrops.mp4;181
Euphoria;Loreen;Eurovision;https://youtu.be/t5qURKt4maw?t=63;./audios/Euphoria.mp4;182
Satellite;Lena;Eurovision;https://youtu.be/8QSgNM9yNjo?t=73;./audios/Satellite.mp4;182
Fairytale;Alexander Rybak;Eurovision;https://youtu.be/3zYCYpbVzHk;./audios/Fairytale.mp4;183
Believe;Dima Bilan;Eurovision;https://youtu.be/fjGNdotSgDY?t=89;./audios/Believe.mp4;238
Hard Rock Hallelujah;Lordi;Eurovision;https://youtu.be/gAh9NRGNhUU?t=74;./audios/Hard Rock Hallelujah.mp4;199
My Number One;Helena Paparizou;Eurovision;https://youtu.be/r0CmpaSV0tc?t=86;./audios/My Number One.mp4;175
Amar Pelos Dois;Salvador Sobral;Eurovision;https://youtu.be/Qotooj7ODCM?list=PLhTunAmPoKKHUNtOC7fh-qdM1jHPGq0w4&t=86;./audios/Amar Pelos Dois.mp4;185
Suddenly I see;KT Tunstall;Films;https://youtu.be/9AEoUa0Hlso;./audios/Suddenly I see.mp4;203
Skyfall;Adele;Films;https://youtu.be/sZrTJesvJeo?t=134;./audios/Skyfall.mp4;285
A Man For All Seasons;Robbie Williams;Films;https://youtu.be/ZFCCf9Fz7iQ;./audios/A Man For All Seasons.mp4;239
You Never Can Tell;Chuck Berry;Films;https://youtu.be/55_9o8LoWiw;./audios/You Never Can Tell.mp4;163
Time of My Life;Bill Medley;Films;https://youtu.be/WpmILPAcRQo?t=104;./audios/Time of My Life.mp4;268
La bohème;Charles Aznavour;Chansons françaises;https://youtu.be/fVfnEyLOkrM?si=vjoIRbNJsFszwCnY;./audios/La bohème.mp4;244
Spanish ladies;Sarah Blasko;Indie;https://youtu.be/9tRYMqLHu0U?si=rjnZEtBoOQBFg-0V&t=103;./audios/Spanish ladies.mp4;273
Welcome to the Black Parade;My Chemical Romance;Rock;https://youtu.be/G-I9csAflBs?t=139;./audios/Welcome to the Black Parade.mp4;314
Helena;My Chemical Romance;Rock;https://youtu.be/7SM5laxokpg?t=86;./audios/Helena.mp4;206
Teenagers;My Chemical Romance;Rock;https://youtu.be/43DTbNfD8Yg;./audios/Teenagers.mp4;162
Glorious;Andreas Johnson;Pop;https://youtu.be/jVAelzteOdI?t=52;./audios/Glorious.mp4;207
Walking on a Dream;Empire of the Sun;Indie;https://youtu.be/eimgRedLkkU?t=55;./audios/Walking on a Dream.mp4;199
Lovers on the Sun;David Guetta;Pop;https://youtu.be/BPiW0tkWfeg?t=78;./audios/Lovers on the Sun.mp4;224
Hello;Martin Solveig;Pop;https://youtu.be/kK42LZqO0wA?t=104;./audios/Hello.mp4;253
Let Me Love You;DJ Snake;Pop;https://youtu.be/euCqAq6BRa4?t=92;./audios/Let Me Love You.mp4;205
Ma Chérie;DJ Antoine;Pop;https://youtu.be/FGAyjfwK-wI?t=83;./audios/Ma Chérie.mp4;202
Sexy Bitch;David Guetta;Pop;https://youtu.be/d2xrFAJMIq0?t=51;./audios/Sexy Bitch.mp4;196
S&M;Rihanna;Pop;https://youtu.be/q_MtePol92o?t=57;./audios/S&M.mp4;244
Poker Face;Lady Gaga;Pop;https://youtu.be/bESGLojNYSo?t=50;./audios/Poker Face.mp4;214
TiK ToK;Ke$ha;Pop;https://youtu.be/iP6XpLQM2Cs?t=81;./audios/TiK ToK.mp4;216
Take It Off;Ke$ha;Pop;https://youtu.be/edP0L6LQzZE?t=44;./audios/Take It Off.mp4;222
LoveGame;Lady Gaga;Pop;https://youtu.be/1mB0tP1I-14?t=82;./audios/LoveGame.mp4;217
She Wolf;Shakira;Pop;https://youtu.be/booKP974B0k?t=92;./audios/She Wolf.mp4;230
Thinking Out Loud;Ed Sheeran;Pop;https://youtu.be/lp-EO5I60KA?list=RDCLAK5uy_nHSqCJjDrW9HBhCNdF6tWPdnOMngOv0wA&t=15;./audios/Thinking Out Loud.mp4;297
As It Was;Harry Styles;Pop;https://youtu.be/H5v3kku4y6Q?list=RDCLAK5uy_nHSqCJjDrW9HBhCNdF6tWPdnOMngOv0wA;./audios/As It Was.mp4;166
Lovely;Billie Eilish;Pop;https://youtu.be/V1Pl8CzNzCw?list=RDCLAK5uy_nHSqCJjDrW9HBhCNdF6tWPdnOMngOv0wA&t=72;./audios/Lovely.mp4;201
Shallow;Lady Gaga;Pop;https://youtu.be/bo_efYhYU2A?list=RDCLAK5uy_nHSqCJjDrW9HBhCNdF6tWPdnOMngOv0wA&t=23;./audios/Shallow.mp4;216
Diamonds;Rihanna;Pop;https://youtu.be/lWA2pjMjpBs?list=RDCLAK5uy_nHSqCJjDrW9HBhCNdF6tWPdnOMngOv0wA&t=117;./audios/Diamonds.mp4;283
Someone You Loved;Lewis Capaldi;Pop;https://youtu.be/zABLecsR5UE?list=RDCLAK5uy_nHSqCJjDrW9HBhCNdF6tWPdnOMngOv0wA&t=78;./audios/Someone You Loved.mp4;187
Someone Like You;Adele;Pop;https://youtu.be/hLQl3WQQoQ0?list=RDCLAK5uy_nHSqCJjDrW9HBhCNdF6tWPdnOMngOv0wA&t=140;./audios/Someone Like You.mp4;285
Drivers License;Olivia Rodrigo;Pop;https://youtu.be/ZmDBbnmKpqQ?list=RDCLAK5uy_nHSqCJjDrW9HBhCNdF6tWPdnOMngOv0wA&t=147;./audios/Drivers License.mp4;247
Photograph;Ed Sheeran;Pop;https://youtu.be/nSDgHBxUbVQ?list=RDCLAK5uy_nHSqCJjDrW9HBhCNdF6tWPdnOMngOv0wA&t=113;./audios/Photograph.mp4;274
Just Give Me A Reason;P!nk;Pop;https://youtu.be/OpQFFLBMEPI?list=RDCLAK5uy_nHSqCJjDrW9HBhCNdF6tWPdnOMngOv0wA&t=77;./audios/Just Give Me A Reason.mp4;243
Just The Way You Are;Bruno Mars;Pop;https://youtu.be/LjhCEhWiKXk?list=RDCLAK5uy_nHSqCJjDrW9HBhCNdF6tWPdnOMngOv0wA&t=19;./audios/Just The Way You Are.mp4;237
When I Was Your Man;Bruno Mars;Pop;https://youtu.be/ekzHIouo8Q4?list=RDCLAK5uy_nHSqCJjDrW9HBhCNdF6tWPdnOMngOv0wA&t=108;./audios/When I Was Your Man.mp4;234
Stay With Me;Sam Smith;Pop;https://youtu.be/pB-5XG-DbAA?list=RDCLAK5uy_nHSqCJjDrW9HBhCNdF6tWPdnOMngOv0wA&t=80;./audios/Stay With Me.mp4;210
Before You Go;Lewis Capaldi;Pop;https://youtu.be/Jtauh8GcxBY?list=RDCLAK5uy_nHSqCJjDrW9HBhCNdF6tWPdnOMngOv0wA&t=94;./audios/Before You Go.mp4;246
We Are Young;Fun;Pop;https://youtu.be/Sv6dMFF_yts?list=RDCLAK5uy_nHSqCJjDrW9HBhCNdF6tWPdnOMngOv0wA&t=8;./audios/We Are Young.mp4;252
Royals;Lorde;Pop;https://youtu.be/nlcIKh6sBtc?list=RDCLAK5uy_nHSqCJjDrW9HBhCNdF6tWPdnOMngOv0wA&t=84;./audios/Royals.mp4;200
Nothing Compares 2U;Sinéad O'Connor;Pop;https://youtu.be/0-EF60neguk?list=RDCLAK5uy_nHSqCJjDrW9HBhCNdF6tWPdnOMngOv0wA&t=105;./audios/Nothing Compares 2U.mp4;308
Say Something;A Great Big World;Pop;https://youtu.be/-2U0Ivkn2Ds?list=RDCLAK5uy_nHSqCJjDrW9HBhCNdF6tWPdnOMngOv0wA&t=120;./audios/Say Something.mp4;231
All of Me;John Legend;Pop;https://youtu.be/sQtnhwU2R9Y?list=RDCLAK5uy_nHSqCJjDrW9HBhCNdF6tWPdnOMngOv0wA&t=101;./audios/All of Me.mp4;270
Secret Love Song;Little Mix;Pop;https://youtu.be/qgy7vEje5-w?list=RDCLAK5uy_nHSqCJjDrW9HBhCNdF6tWPdnOMngOv0wA&t=143;./audios/Secret Love Song.mp4;261
No One;Alicia Keys;Pop;https://youtu.be/rywUS-ohqeE?list=RDCLAK5uy_nHSqCJjDrW9HBhCNdF6tWPdnOMngOv0wA&t=94;./audios/No One.mp4;248
She Will Be Loved;Maroon 5;Pop;https://youtu.be/nIjVuRTm-dc?list=RDCLAK5uy_nHSqCJjDrW9HBhCNdF6tWPdnOMngOv0wA&t=99;./audios/She Will Be Loved.mp4;268
Sacrifice;Elton John;Pop;https://youtu.be/NrLkTZrPZA4?list=RDCLAK5uy_nHSqCJjDrW9HBhCNdF6tWPdnOMngOv0wA&t=133;./audios/Sacrifice.mp4;282
Be Alright;Dean Lewis;Pop;https://youtu.be/I0czvJ_jikg?list=RDCLAK5uy_nHSqCJjDrW9HBhCNdF6tWPdnOMngOv0wA;./audios/Be Alright.mp4;199
Fix You;Coldplay;Indie;https://youtu.be/k4V3Mo61fJM?list=RDCLAK5uy_nHSqCJjDrW9HBhCNdF6tWPdnOMngOv0wA&t=137;./audios/Fix You.mp4;294
Girl On Fire;Alicia Keys;Pop;https://youtu.be/J91ti_MpdHA?list=RDCLAK5uy_nHSqCJjDrW9HBhCNdF6tWPdnOMngOv0wA&t=95;./audios/Girl On Fire.mp4;233
Because Of You;Kelly Clarkson;Pop;https://youtu.be/Ra-Om7UMSJc?list=RDCLAK5uy_nHSqCJjDrW9HBhCNdF6tWPdnOMngOv0wA&t=95;./audios/Because Of You.mp4;223
Leave A Light On;Tom Walker;Pop;https://youtu.be/nqnkBdExjws?list=RDCLAK5uy_nHSqCJjDrW9HBhCNdF6tWPdnOMngOv0wA&t=93;./audios/Leave A Light On.mp4;208
Slow Hands;Niall Horan;Pop;https://youtu.be/nBmNcLBaPUE?list=RDCLAK5uy_nHSqCJjDrW9HBhCNdF6tWPdnOMngOv0wA&t=82;./audios/Slow Hands.mp4;198
Irreplaceable;Beyoncé;Pop;https://youtu.be/2EwViQxSJJQ?list=RDCLAK5uy_nHSqCJjDrW9HBhCNdF6tWPdnOMngOv0wA&t=101;./audios/Irreplaceable.mp4;252
Time After Time;Cyndi Lauper;Pop;https://youtu.be/VdQY7BusJNU?list=RDCLAK5uy_nHSqCJjDrW9HBhCNdF6tWPdnOMngOv0wA&t=114;./audios/Time After Time.mp4;297
Cry Me A River;Justin Timberlake;Pop;https://youtu.be/DksSPZTZES0?list=RDCLAK5uy_nHSqCJjDrW9HBhCNdF6tWPdnOMngOv0wA&t=112;./audios/Cry Me A River.mp4;290
Truly Madly Deeply;Savage Garden;Pop;https://youtu.be/WQnAxOQxQIU?list=RDCLAK5uy_nHSqCJjDrW9HBhCNdF6tWPdnOMngOv0wA&t=115;./audios/Truly Madly Deeply.mp4;262
Bleeding Love;Leona Lewis;Pop;https://youtu.be/Vzo-EL_62fQ?list=RDCLAK5uy_nHSqCJjDrW9HBhCNdF6tWPdnOMngOv0wA&t=109;./audios/Bleeding Love.mp4;279
Thank You;Dido;Pop;https://youtu.be/1TO48Cnl66w?list=RDCLAK5uy_nHSqCJjDrW9HBhCNdF6tWPdnOMngOv0wA&t=60;./audios/Thank You.mp4;194
Budapest;George Ezra;Pop;https://youtu.be/VHrLPs3_1Fs?list=RDCLAK5uy_nHSqCJjDrW9HBhCNdF6tWPdnOMngOv0wA&t=85;./audios/Budapest.mp4;217
Torn;Natalie Imbruglia;Pop;https://youtu.be/VV1XWJN3nJo?list=RDCLAK5uy_nHSqCJjDrW9HBhCNdF6tWPdnOMngOv0wA&t=87;./audios/Torn.mp4;243
Angels;Robbie Williams;Pop;https://youtu.be/luwAMFcc2f8?list=RDCLAK5uy_nHSqCJjDrW9HBhCNdF6tWPdnOMngOv0wA&t=97;./audios/Angels.mp4;236
Wrecking Ball;Miley Cyrus;Pop;https://youtu.be/iqXxfOnk-Z4?list=RDCLAK5uy_nHSqCJjDrW9HBhCNdF6tWPdnOMngOv0wA&t=89;./audios/Wrecking Ball.mp4;221
Tout Au Fond De Toi;Fatal Bazooka;Beauf;https://youtu.be/opnK_fs8bso?t=64;./audios/Tout Au Fond De Toi.mp4;190
Je possède des thunes;David Castello-Lopes;Beauf;https://youtu.be/aIVsz5Pj0eE?t=62;./audios/Je possède des thunes.mp4;145
Je possède des thunes;David Castello-Lopes;Godlike;https://youtu.be/aIVsz5Pj0eE?t=62;./audios/Je possède des thunes.mp4;145
Now You're Gone;Basshunter;Electro;https://www.youtube.com/watch?v=Y-cWAGiVeF8;./audios/Basshunter - Now You're Gone.mp4;145
It's My Life;Bon Jovi;Rock;https://youtu.be/vx2u5uUu3DE?t=108;./audios/Bon Jovi - It's My Life.mp4;145
Livin' On a Prayer;Bon Jovi;Rock;https://youtu.be/vx2u5uUu3DE?t=108;./audios/Bon Jovi - Livin' On A Prayer.mp4;145
Turn Me On;David Guetta;Pop;https://youtu.be/vx2u5uUu3DE?t=108;./audios/David Guetta - Turn Me On;145
Mr. Blue Sky;Electric Light Orchestra;Rock;https://youtu.be/vx2u5uUu3DE?t=108;./audios/Electric Light Orchestra - Mr. Blue Sky.mp4;145
Still Falling For You;Ellie Goulding;Pop;https://youtu.be/vx2u5uUu3DE?t=108;./audios/Ellie Goulding - Still Falling For You.mp4;145
Lemon Tree;Fools Garden;Rock;https://youtu.be/vx2u5uUu3DE?t=108;./audios/FGLT.mp4;145
Je m'en vais;Frère des Ours;Disney;https://youtu.be/vx2u5uUu3DE?t=108;./audios/FDOJMV.mp4;145
I Was Made For Lovin' You;KISS;Rock;https://youtu.be/vx2u5uUu3DE?t=108;./audios/KIWMFLY.mp4;145
Sous l'océan;La Petite Sirène;Disney;https://youtu.be/vx2u5uUu3DE?t=108;./audios/LPSSLO.mp4;145
Libérée, délivrée;La Reine des Neiges;Disney;https://youtu.be/vx2u5uUu3DE?t=108;./audios/La Reine des Neiges - Libérée, délivrée.mp4;145
Il en faut peu pour être heureux;Le Livre de la Jungle;Disney;https://youtu.be/vx2u5uUu3DE?t=108;./audios/Le Livre de la Jungle - Il en faut peu pour être heureux.mp4;145
L'amour brille sous les étoiles;Le Roi Lion;Disney;https://youtu.be/vx2u5uUu3DE?t=108;./audios/Le Roi Lion - L'amour brille sous les étoiles.mp4;145
Mambo No. 5;Lou Bega;WatiBonSon;https://youtu.be/;./audios/Lou Bega - Mambo No. 5.mp4;145
Higitus Figitus;Merlin l'Enchanteur;Disney;https://youtu.be/;./audios/Merlin l'Enchanteur - Higitus Figitus.mp4;145
I don't love you;My Chemical Romance;Rock;https://youtu.be/;./audios/My Chemical Romance - I Don't Love You.mp4;145
Say It Right;Nelly Furtado;Pop;https://youtu.be/;./audios/Nelly Furtado - Say It Right.mp4;145
Don't look back in anger;Oasis;Rock;https://youtu.be/;./audios/Oasis - Don’t Look Back In Anger.mp4;145
We Are One;Pitbull;WatiBonSon;https://youtu.be/;./audios/Pitbull - We Are One.mp4;145
Don't stop me now;Queen;Rock;https://youtu.be/;./audios/Queen - Don't Stop Me Now.mp4;145
Good Old Fashion Lover Boy;Queen;Rock;https://youtu.be/;./audios/Queen - Good Old Fashioned Lover Boy.mp4;145
Love of My Life;Queen;Rock;https://youtu.be/;./audios/Queen - Love Of My Life.mp4;145
J'ai un rêve;Raiponce;Disney;https://youtu.be/;./audios/Raiponce - J'ai un rêve.mp4;145
Où est la vraie vie?;Raiponce;Disney;https://youtu.be/;./audios/Raiponce - Où est la vraie vie ？ .mp4;145
Something I Need;OneRepublic;Indie;https://youtu.be/8_xvWdY6Gr4?t=56;./audios/Something I Need.mp4;240
Somewhere Only We Know;Keane;Rock;https://youtu.be/3KHJKj9GgsI;./audios/Somewhere Only We Know.mp4;240
Yellow;Coldplay;Indie;https://youtu.be/7PDUO3l8xiM;./audios/Yellow.mp4;266
Clocks;Coldplay;Indie;https://youtu.be/MIHZBKl7KPw;./audios/Clocks.mp4;305
The Reason;Hoobastank;Rock;https://youtu.be/ZADpco6Zn9I;./audios/The Reason.mp4;229
Iris;The Goo Goo Dolls;Rock;https://youtu.be/aNO6yd66PpA;./audios/Iris.mp4;288
Unstoppable;Sia;None;https://youtu.be/cxjvTXo9WWM?feature=shared;./audios/Unstoppable.mp4;220
Hey There Delilah;Plain White T's;Indie;https://youtu.be/hQlPzrX8u0A;./audios/Hey There Delilah.mp4;225
Easy On Me;Adele;Pop;https://youtu.be/0tmcEdgCxjI;./audios/Easy On Me.mp4;225
Galway Girl;Ed Sheeran;Pop;https://youtu.be/7daz3_FCzf0;./audios/Galway Girl.mp4;171
Castle On The Hill;Ed Sheeran;Pop;https://youtu.be/8PE4R4-Auyo;./audios/Castle On The Hill.mp4;263
Hall Of Fame;The Script;Pop;https://youtu.be/3Kxf2dHlDpQ;./audios/Hall Of Fame.mp4;203
Stick Season;Noah Kahan;Pop;https://youtu.be/iWG6apzIWAk;./audios/Stick Season.mp4;182
Happier;Marshmello;Pop;https://youtu.be/m7Bc3pLyij0;./audios/Happier.mp4;233
Dial Drunk;Noah Kahan;Pop;https://youtu.be/m9Kev73C2cc;./audios/Dial Drunk.mp4;224
21 Guns;Green Day;Rock;https://youtu.be/qcOK_YATp6U?list=RDGMEM6ijAnFTG9nX1G-kbWBUCJA;./audios/21 Guns.mp4;327
Pompeii;Bastille;Pop;https://youtu.be/F90Cw4l-8NY?list=RDGMEM6ijAnFTG9nX1G-kbWBUCJA;./audios/Pompeii.mp4;233
Little Talks;Of Monsters and Men;Pop;https://youtu.be/ghb6eDopW8I?list=RDGMEM6ijAnFTG9nX1G-kbWBUCJA;./audios/Little Talks.mp4;254
Stolen Dance;Milky Chance;Indie;https://youtu.be/iX-QaNzd-0Y?list=RDGMEM6ijAnFTG9nX1G-kbWBUCJA;./audios/Stolen Dance.mp4;313
Sweater Weather;The Neighbourhood;Indie;https://youtu.be/GCdwKhTtNNw?list=RDGMEM6ijAnFTG9nX1G-kbWBUCJA;./audios/Sweater Weather.mp4;252
Adventure Of A Lifetime;Coldplay;Indie;https://youtu.be/QtXby3twMmI?list=RDGMEM6ijAnFTG9nX1G-kbWBUCJA;./audios/Adventure Of A Lifetime.mp4;316
Teenage Dirtbag;Wheatus;Indie;https://youtu.be/FC3y9llDXuM?list=RDGMEM6ijAnFTG9nX1G-kbWBUCJA;./audios/Teenage Dirtbag.mp4;247
For The First Time;The Script;Rock;https://youtu.be/CPEBN2dVNUY;./audios/For The First Time.mp4;282
How to Save a Life;The Fray;Rock;https://youtu.be/cjVQ36NhbMk;./audios/How to Save a Life.mp4;267
Déjeuner En Paix;Stephan Eicher;Chansons françaises;https://youtu.be/SD27eir2GNw;./audios/Déjeuner En Paix.mp4;234
Super Max F1 fans Max Verstappen;Pitstop Boys;None;https://youtu.be/43HCYSXZ9GI?feature=shared;./audios/Super Max F1 fans Max Verstappen.mp4;225
Super Max F1 fans Max Verstappen;Pitstop Boys;Godlike;https://youtu.be/43HCYSXZ9GI?feature=shared;./audios/Super Max F1 fans Max Verstappen.mp4;225
Narcotic;Liquido;Indie;https://youtu.be/FYGD-7plzF4;./audios/Narcotic.mp4;278
Choker;Twenty One Pilots;Indie;https://youtu.be/2sBRnnnZyFw;./audios/Choker.mp4;237
Guns For Hands;Twenty One Pilots;Indie;https://youtu.be/S1PEWcNTlBo;./audios/Guns For Hands.mp4;265
Holding On To You;Twenty One Pilots;Indie;https://youtu.be/ReMf4KBywqE;./audios/Holding On To You.mp4;258
The Judge;Twenty One Pilots;Indie;https://youtu.be/PbP-aIe51Ek;./audios/The Judge.mp4;298
Waiting for Love;Avicii;Electro;https://youtu.be/cHHLHGNpCSA;./audios/Waiting for Love.mp4;230
Gangnam Style;PSY;None;https://youtu.be/9bZkp7q19f0;./audios/Gangnam Style.mp4;252
Blue;Eiffel 65;Electro;https://youtu.be/zA52uNzx7Y4;./audios/Blue.mp4;286
One More Time;Daft Punk;Electro;https://youtu.be/FGBhQbmPwH8;./audios/One More Time.mp4;321
Instant Crush;Daft Punk;Electro;https://youtu.be/a5uQMwRMHcs;./audios/Instant Crush.mp4;340
Giorgio by Moroder;Daft Punk;Electro;https://youtu.be/zhl-Cs1-sG4;./audios/Giorgio by Moroder.mp4;554
Around The World;Daft Punk;Electro;https://youtu.be/K0HSD_i2DvA;./audios/Around The World.mp4;242
Veridis Quo;Daft Punk;Electro;https://youtu.be/TCd6PfxOy0Y;./audios/Veridis Quo.mp4;345
Life Is A Highway;Rascal Flatts;Rock;https://youtu.be/Zh-ZUrc-aLI;./audios/Life Is A Highway.mp4;276
Life Is A Highway;Rascal Flatts;Disney;https://youtu.be/Zh-ZUrc-aLI;./audios/Life Is A Highway.mp4;276
Psycho Killer;Talking Heads;Rock;https://youtu.be/CKti7QixnJI;./audios/Psycho Killer.mp4;313
Someone To You;Banners;Pop;https://youtu.be/XeLaiL9tk68;./audios/Someone To You.mp4;222
Electric Love;Borns;Pop;https://youtu.be/RYr96YYEaZY;./audios/Electric Love.mp4;221
Digital Love;Daft Punk;Electro;https://youtu.be/4whD6uAryMs;./audios/Digital Love.mp4;301
Paper Rings;Taylor Swift;Pop;https://youtu.be/8zdg-pDF10g;./audios/Paper Rings.mp4;223
Bloody Mary;Lady Gaga;Pop;https://youtu.be/VFwmKL5OL-Q;./audios/Bloody Mary.mp4;245
Bismarck;Sabaton;Metal;https://youtu.be/oVWEb-At8yc;./audios/Bismarck.mp4;370
Amerika;Rammstein;Metal;https://youtu.be/Rr8ljRgcJNM;./audios/Amerika.mp4;258
Poison;Alice Cooper;Rock;https://youtu.be/Qq4j1LtCdww;./audios/Poison.mp4;268
Wind Of Change;Scorpions;Rock;https://youtu.be/n4RjJKxsamQ;./audios/Wind Of Change.mp4;283
Take On Me;A-ha;Pop;https://youtu.be/djV11Xbc914;./audios/Take On Me.mp4;244
Karma Chameleon;Culture Club;Pop;https://youtu.be/JmcA9LIIXWw;./audios/Karma Chameleon.mp4;238
Uptown Girl;Billy Joel;Pop;https://youtu.be/hCuMWrfXG4E;./audios/Uptown Girl.mp4;203
Two Princes;Spin Doctors;Rock;https://youtu.be/wsdy_rct6uo;./audios/Two Princes.mp4;260
Again;Lenny Kravitz;Rock;https://youtu.be/eW2qlKa6oHw?list=PL7u5176lBBTV3Y0ppjrv9F6MJ98gTARV5;./audios/Again.mp4;275
Eleanor Rigby;The Beatles;Rock;https://youtu.be/6gluNoLVKiQ;./audios/Eleanor Rigby.mp4;126
Atlantis;Seafret;Indie;https://youtu.be/C5T6v0tymhc;./audios/Atlantis.mp4;228
Je veux du sale;David Castello-Lopez;Godlike;https://youtu.be/gRkFAGddmZM;./audios/Je veux du sale.mp4;167
Does Your Mother Know;ABBA;Pop;https://youtu.be/WkL7Fkigfn8;./audios/Does Your Mother Know.mp4;191
Does Your Mother Know;ABBA;Films;https://youtu.be/WkL7Fkigfn8;./audios/Does Your Mother Know.mp4;191
50 Ways To Say Goodbye;Train;Pop;https://youtu.be/GSBFehvLJDc;./audios/50 Ways To Say Goodbye.mp4;287
Drive By;Train;Pop;https://youtu.be/oxqnFJ3lp5k;./audios/Drive By.mp4;208
Drops Of Jupiter;Train;Pop;https://youtu.be/7Xf-Lesrkuc;./audios/Drops Of Jupiter.mp4;256
Rockollection;Laurent Voulzy;Chansons françaises;https://youtu.be/PTWPSioRZHY;./audios/Rockollection.mp4;702
Hit Sale;Therapie TAXI;Pop;https://youtu.be/oKWeaQ9-a5k;./audios/Hit Sale.mp4;15
Choke;I DONT KNOW HOW BUT THEY FOUND ME;Indie;https://youtu.be/mvJjmWTg7Qo;./audios/Choke.mp4;196
Il en faut peu pour être heureux;Le livre de la jungle;Disney;https://www.youtube.com/watch?v=QprXlfVkpH4;./audios/Il en faut peu pour être heureux.mp4;279
Comme un homme;Mulan;Disney;https://www.youtube.com/watch?v=E-p6l9nioNI;./audios/Comme un homme.mp4;210
Hakuna Matata;Le Roi Lion;Disney;https://www.youtube.com/watch?v=v34w65U98gI;./audios/Hakuna Matata.mp4;257
Hawaiian roller coaster ride;Lilo et Stitch;Disney;https://www.youtube.com/watch?v=nXpB1rixnPQ;./audios/Hawaiian roller coaster ride.mp4;231
Je veux savoir;Tarzan;Disney;https://www.youtube.com/watch?v=T9ZCORwVNr8;./audios/Je veux savoir.mp4;155
Le monde qui est le mien;Hercules;Disney;https://www.youtube.com/watch?v=NizG2AXpSMU;./audios/Le monde qui est le mien.mp4;194
Supercalifragilisticexpialidocious;Mary Poppins;Disney;https://www.youtube.com/watch?v=2BduV7k5W-o;./audios/Supercalifragilisticexpialidocious.mp4;132
La chanson de la pluie;Bambi;Disney;https://www.youtube.com/watch?v=m4wVf05X5GQ;./audios/La chanson de la pluie.mp4;255
Des gammes et des arpèges;Les artistochats;Disney;https://www.youtube.com/watch?v=1Vy4Q_XLOCM;./audios/Des gammes et des arpèges.mp4;129
Je ne savais pas;La belle et la bête;Disney;https://www.youtube.com/watch?v=QvHBsX5iBKQ;./audios/Je ne savais pas.mp4;126
Married life;Là haut;Disney;https://www.youtube.com/watch?v=2rn-vMbFglI;./audios/Married life.mp4;251
Le festin;Ratatouille;Disney;https://www.youtube.com/watch?v=-QuVe-hjMs0;./audios/Le festin.mp4;171
un poco loco;Coco;Disney;https://www.youtube.com/watch?v=5IMXMjH0rms;./audios/un poco loco.mp4;118
Il me reste un espoir;Hercules;Disney;https://www.youtube.com/watch?v=mvC3qUrczOU;./audios/Il me reste un espoir.mp4;181
Filles du roi triton;La petite sirène;Disney;https://www.youtube.com/watch?v=EFM4VlhGts4;./audios/Filles du roi triton.mp4;37
Partir là bas;La petite sirène;Disney;https://www.youtube.com/watch?v=VEjGZu-ADD8;./audios/Partir là bas.mp4;281
Gaston;la belle et la bête;Disney;https://www.youtube.com/watch?v=WeAWPIU5D_k;./audios/Gaston.mp4;164
Humain à nouveau;la belle et la bête;Disney;https://www.youtube.com/watch?v=GjLccBwwwiQ;./audios/Humain à nouveau.mp4;216
Sifflez en travaillant;blanche neige;Disney;https://www.youtube.com/watch?v=YHU4fXw3a_U;./audios/Sifflez en travaillant.mp4;225
Heigh ho;Blanche Neige;Disney;https://www.youtube.com/watch?v=A70xUvyPA_c;./audios/Heigh ho.mp4;164
un jour mon prince viendra;Disney;None;https://www.youtube.com/watch?v=aYgOzsFl78Q;./audios/un jour mon prince viendra.mp4;81
un jour mon prince viendra;Blanche Neige;Disney;https://www.youtube.com/watch?v=aYgOzsFl78Q;./audios/un jour mon prince viendra.mp4;81
la patrouille des éléphants;le livre de la jungle;Disney;https://www.youtube.com/watch?v=0SN2FB8cnCk;./audios/la patrouille des éléphants.mp4;111
Je suis en retard;Alice au pays des merveilles;Disney;https://www.youtube.com/watch?v=C1KQoJ-EsaE;./audios/Je suis en retard.mp4;51
Peignons les roses en rouge;Alice au pays des merveilles;Disney;https://www.youtube.com/watch?v=nGFXi06f6V4;./audios/Peignons les roses en rouge.mp4;111
Pauvres âmes en perdition;La petite sirène;Disney;https://www.youtube.com/watch?v=g_S2NOml_-U;./audios/Pauvres âmes en perdition.mp4;155
Quand on prie la bonne étoile;Pinnochio;Disney;https://www.youtube.com/watch?v=qDXJ9xQfSDo;./audios/Quand on prie la bonne étoile.mp4;195
Quand on prie la bonne étoile;Pinocchio;Disney;https://www.youtube.com/watch?v=qDXJ9xQfSDo;./audios/Quand on prie la bonne étoile.mp4;195
Je vole;aladdin;Disney;https://www.youtube.com/watch?v=to9A3LXiBEQ;./audios/Je vole.mp4;144
Je suis ton meilleur ami;aladdin;Disney;https://www.youtube.com/watch?v=N6ykVehoaeI;./audios/Je suis ton meilleur ami.mp4;151
Il vit en toi;le roi lion;Disney;https://www.youtube.com/watch?v=SYJUAQG1S7Q;./audios/Il vit en toi.mp4;169
Les cloches de notre dame;Le bossu de notre dame;Disney;https://www.youtube.com/watch?v=bt0-BHdV-Ms;./audios/Les cloches de notre dame.mp4;65
honneur à tous;mulan;Disney;https://www.youtube.com/watch?v=bt65rqrVjO4;./audios/honneur à tous.mp4;181
une belle fille à aimer;mulan;Disney;https://www.youtube.com/watch?v=tchucl_I84Q;./audios/une belle fille à aimer.mp4;139
au bout du rêve;la princesse et la grenouille;Disney;https://www.youtube.com/watch?v=5Gx9AmweBCY;./audios/au bout du rêve.mp4;155
je voudrais un bonhomme de neige;La reine des neiges;Disney;https://www.youtube.com/watch?v=3QAXFudxqRM;./audios/je voudrais un bonhomme de neige.mp4;203
le renouveau;la reine des neiges;Disney;https://www.youtube.com/watch?v=xsqptzTAO4A;./audios/le renouveau.mp4;225
dans un autre monde;la reine des neiges;Disney;https://www.youtube.com/watch?v=33rENT6lUN4;./audios/dans un autre monde.mp4;191
Immortals;les nouveaux héros;Disney;https://www.youtube.com/watch?v=Y4o_8zbelwY;./audios/Immortals.mp4;189
le bleu lumière;vaiana;Disney;https://www.youtube.com/watch?v=P8E6t8iYjW4;./audios/le bleu lumière.mp4;162
Houdini;Dua Lipa;Pop;https://youtu.be/suAR1PYFNYA;./audios/Houdini.mp4;188
VALENTINE;Maneskin;Rock;https://youtu.be/8XQYz7JKjWI;./audios/VALENTINE.mp4;220
Apocalypse Calypso;MIKA;Pop;https://youtu.be/Rt9hlGBG0uU;./audios/Apocalypse Calypso.mp4;193
Trust Me Mate;Dean Lewis;Pop;https://youtu.be/NRL-Dxybo_A;./audios/Trust Me Mate.mp4;179
Children of the Sky;Imagine Dragons;Pop;https://youtu.be/zHfIkyLh-Ew;./audios/Children of the Sky.mp4;208
Dear Santa;OneRepublic;noel;https://youtu.be/k-Z7T6kEobc;./audios/Dear Santa.mp4;170
The Girl That Never Was;James Blunt;Pop;https://youtu.be/LgG4KWvbRRE;./audios/The Girl That Never Was.mp4;195
Mourning;Post Malone;Pop;https://youtu.be/DAOZJPquY_w;./audios/Mourning.mp4;209
BLEED;The Kid LAROI;Pop;https://youtu.be/jBhuR8olI_Q;./audios/BLEED.mp4;172
Now and Then;The Beatles;Rock;https://youtu.be/kfp57uCE0Dw;./audios/Now and Then.mp4;249
Let Her Go;Passenger;Indie;https://youtu.be/HTcL9WkB_wg;./audios/Let Her Go.mp4;285
Angry;The Rolling Stones;Rock;https://youtu.be/_mEC54eTuGw;./audios/Angry.mp4;226
The American Dream Is Killing Me;Green Day;Rock;https://youtu.be/t1TDvy7djJg;./audios/The American Dream Is Killing Me.mp4;206
Used To be Young;Miley Cyrus;Pop;https://youtu.be/IZ3XMOdOdKM;./audios/Used To be Young.mp4;201
At Your Worst;Calum Scott;Pop;https://youtu.be/br8prOQBVs8;./audios/At Your Worst.mp4;167
Leave Before You Love Me;Marshmello;Pop;https://youtu.be/hmUyEDG7Jy0;./audios/Leave Before You Love Me.mp4;165
Music For a Sushi Restaurant;Harry Styles;Pop;https://youtu.be/CiwMDFh_Rog;./audios/Music For a Sushi Restaurant.mp4;209
Daylight;David Kushner;Pop;https://youtu.be/MoN9ql6Yymw;./audios/Daylight.mp4;230
SALOP(E);Therapie Taxi;Pop;https://youtu.be/xl1B0kNhRy0;./audios/SALOP(E).mp4;260
Djadja;Aya Nakamura;Pop;https://youtu.be/iPGgnzc34tY;./audios/Djadja.mp4;175
Touch My Body;Mariah Carey;Pop;https://youtu.be/9b8erWuBA44;./audios/Touch My Body.mp4;258
Obsessed;Mariah Carey;Pop;https://youtu.be/H1Yt0xJKDY8;./audios/Obsessed.mp4;245
I Love Poland;Hazel;Electro;https://youtu.be/1EPlFdNa1bQ;./audios/I Love Poland.mp4;207
Various Disgraces;The Blam;Rock;https://youtu.be/gra28YTFSas;./audios/Various Disgraces.mp4;173
Princess of China;Coldplay;Indie;https://youtu.be/GRK14J_we5k;./audios/Princess of China.mp4;239
Forget Me;Lewis Capaldi;Pop;https://youtu.be/nBZlrbrBO1I;./audios/Forget Me.mp4;256
What A Wonderful World;Louis Armstrong;Jazz;https://youtu.be/rBrd_3VMC3c;./audios/What A Wonderful World.mp4;139
Fly Me To The Moon;Frank Sinatra;Jazz;https://youtu.be/ZEcqHA7dbwM;./audios/Fly Me To The Moon.mp4;148
Moonlight In Vermont;Ella Fitzgerald & Louis Armstrong;Jazz;https://youtu.be/m5ZfgWS_-c0;./audios/Moonlight In Vermont.mp4;223
My Baby Just Cares For Me;Nina Simone;Jazz;https://youtu.be/3ZS7iKdRo5Q;./audios/My Baby Just Cares For Me.mp4;320
The Girl From Ipanema;Stan Getz;Jazz;https://youtu.be/EKEmQooklDw;./audios/The Girl From Ipanema.mp4;168
Dream A Little Dream Of Me;Ella Fitzgerald & Louis Armstrong;Jazz;https://youtu.be/OAVZuSoP8dk;./audios/Dream A Little Dream Of Me.mp4;184
La Vie en Rose;Louis Armstrong;Jazz;https://youtu.be/8IJzYAda1wA;./audios/La Vie en Rose.mp4;205
A Kiss To Build A Dream On;Louis Armstrong;Jazz;https://youtu.be/NfK6owGIceE;./audios/A Kiss To Build A Dream On.mp4;271
Dance of the Sugar Plum Fairy;Tchaikovsky;noel;https://youtu.be/ZEcqHA7dbwM;./audios/Dance of the Sugar Plum Fairy.mp4;148
Dance of the Sugar Plum Fairy;Tchaikovsky;noel;https://youtu.be/Er6Lr-ec8PU;./audios/Dance of the Sugar Plum Fairy.mp4;120
Frosty the Snowman;Ella Fitzgerald;noel;https://youtu.be/Hmw4Fu4XupE;./audios/Frosty the Snowman.mp4;149
Have Yourself A Merry Little Christmas;Frank Sinatra;noel;https://youtu.be/-tJtsKngXJU;./audios/Have Yourself A Merry Little Christmas.mp4;216
Resonance;HOME;Electro;https://youtu.be/8GW6sLrK40k;./audios/Resonance.mp4;213
Nightcall;Kavinsky;Electro;https://youtu.be/MV_3Dpw-BRY;./audios/Nightcall.mp4;257
Midnight City;M83;Electro;https://youtu.be/iSC4P1i9zmE;./audios/Midnight City.mp4;244
Gone;ANMEOM;Electro;https://youtu.be/y5MohB_mtiM;./audios/Gone.mp4;268
Roadgame;Kavinsky;Electro;https://youtu.be/N8ZAx_OvKpM;./audios/Roadgame.mp4;221
Pacific Coast Highway;Kavinsky;Electro;https://youtu.be/-5FKNViujeM;./audios/Pacific Coast Highway.mp4;378
Eternal Flame;The Bangles;Rock;https://youtu.be/PSoOFn3wQV4;./audios/Eternal Flame.mp4;242
Dogs days are over;Florence + The Machine;Indie;https://youtu.be/vDHr85LiwUM;./audios/Dogs days are over.mp4;251
Dogs days are over;Florence + The Machine;Films;https://youtu.be/vDHr85LiwUM;./audios/Dogs days are over.mp4;251
Just The Way You Are;Bruno Mars;Pop;https://youtu.be/LjhCEhWiKXk;./audios/Just The Way You Are.mp4;237
Us against the world;Darren Style et Da Tweekaz;test;https://youtube.com/watch?v=eVQ0DbgKw_w;./audios/Us against the world.mp4;222
J'essaye, j'essaye;Casseur Flawteur;test;https://youtu.be/tOq65m0gc5g?si=_C8OyCUMlVRHv_k-;./audios/J'essaie, j'essaye.mp4;236
L'odeur de l'essence;orelsan;test;https://youtu.be/zFknl7OAV0c?feature=shared;./audios/L'odeur de l'essence.mp4;285